review,sentiment
"This product is amazing! I love it so much.",positive
"Terrible quality, waste of money.",negative
"Good value for the price, would recommend.",positive
"Not what I expected, very disappointed.",negative
"Excellent customer service and fast shipping.",positive
"Product broke after one week of use.",negative
"Best purchase I've made this year!",positive
"Poor packaging, item arrived damaged.",negative
"Great features and easy to use.",positive
"Overpriced for the quality offered.",negative
"Fantastic build quality, very durable.",positive
"Does not work as advertised.",negative
"Very satisfied with this purchase.",positive
"Customer support was unhelpful.",negative
"Exceeded my expectations completely!",positive
"Defective product, had to return.",negative
"Highly recommend to everyone.",positive
"Waste of time and money.",negative
"Perfect for my needs, love it!",positive
"Product stopped working after a month.",negative
"Outstanding quality and performance.",positive
"Very cheap materials, feels fragile.",negative
"Great design and functionality.",positive
"Doesn't match the description at all.",negative
"Impressed with the overall quality.",positive
"Had issues with the setup process.",negative
"Excellent value, would buy again.",positive
"Product arrived with missing parts.",negative
"Super happy with this purchase!",positive
"Not worth the price tag.",negative
"Works exactly as described.",positive
"Poor user experience overall.",negative
"Love the sleek design and features.",positive
"Quality control seems to be lacking.",negative
"Perfect gift for my family.",positive
"Regret buying this product.",negative
"Amazing features, very innovative.",positive
"Too complicated for everyday use.",negative
"Great customer support experience.",positive
"Product feels cheap and flimsy.",negative
"Best in class performance!",positive
"Doesn't live up to the hype.",negative
"Very pleased with the quality.",positive
"Had to return the defective item.",negative
"Exceeded all my expectations!",positive
"Disappointing performance overall.",negative
"Solid construction, built to last.",positive
"Misleading product description.",negative
"Worth every penny spent.",positive
"Product failed after minimal use.",negative
"Outstanding customer service!",positive
"Quality doesn't match the price.",negative
"Perfect solution for my needs.",positive
"Very poor build quality.",negative
"Love everything about this product!",positive
"Not satisfied with the purchase.",negative
"Great investment, highly recommended.",positive
"Product arrived in poor condition.",negative
"Fantastic user experience overall.",positive
"Doesn't work as expected.",negative
"Superior quality and craftsmanship.",positive
"Had multiple issues with this item.",negative
"Exactly what I was looking for!",positive
"Overhyped and underdelivered.",negative
"Brilliant design and functionality.",positive
"Poor value for money.",negative
"Very satisfied customer here!",positive
"Product broke during first use.",negative
"Exceptional quality and service.",positive
"Not worth the investment.",negative
"Perfect size and functionality.",positive
"Multiple defects found.",negative
"Great product, would definitely buy again.",positive
"Very disappointed with quality.",negative
"Outstanding performance and features.",positive
"Product doesn't meet basic standards.",negative
"Love the attention to detail.",positive
"Had to contact support multiple times.",negative
"Excellent build and finish quality.",positive
"Doesn't perform as advertised.",negative
"Very happy with this decision!",positive
"Poor manufacturing quality.",negative
"Great features at reasonable price.",positive
"Product arrived damaged and unusable.",negative
"Superior to competitors in every way.",positive
"Regret this purchase completely.",negative
"Perfect for everyday use.",positive
"Quality is below average.",negative
"Amazing value for money!",positive
"Multiple functionality issues.",negative
"Excellent product overall experience.",positive
"Doesn't justify the high price.",negative
"Love the innovative features.",positive
"Poor customer service experience.",negative
"Great quality and fast delivery.",positive
"Product stopped working unexpectedly.",negative
"Very impressed with the quality.",positive
"Not as described in listing.",negative
"Perfect addition to my setup!",positive
"Build quality could be better.",negative
"Outstanding value proposition.",positive
"Had reliability issues.",negative
"Great design meets functionality.",positive
"Doesn't meet quality standards.",negative
"Very pleased with purchase decision.",positive
"Product had multiple defects.",negative
"Excellent investment for the price.",positive
"Very poor user experience.",negative
"Love the premium feel and quality.",positive
"Doesn't work reliably.",negative
"Great performance and features.",positive
"Quality control needs improvement.",negative
"Perfect solution, highly recommended!",positive
"Product failed to meet expectations.",negative
